{
  "000001.jpg": {
    "K": [
      1147.6124010708231,
      0.0,
      686.0,
      0.0,
      0.0,
      1147.6124010708231,
      514.5,
      0.0,
      0.0,
      0.0,
      1.0,
      0.0,
      0.0,
      0.0,
      0.0,
      1.0
    ],
    "W2C": [
      0.8160336689839913,
      0.3140925163205186,
      -0.48521638706454506,
      0.5935149510101511,
      -0.30527330823745613,
      0.9470381073862568,
      0.09963448417097232,
      0.014883436078030284,
      0.4908128547239618,
      0.06681851801485368,
      0.8686990429878543,
      0.3255228065860039,
      0.0,
      0.0,
      0.0,
      1.0
    ],
    "img_size": [
      1372,
      1029
    ]
  },
  "000002.jpg": {
    "K": [
      1147.6124010708231,
      0.0,
      686.0,
      0.0,
      0.0,
      1147.6124010708231,
      514.5,
      0.0,
      0.0,
      0.0,
      1.0,
      0.0,
      0.0,
      0.0,
      0.0,
      1.0
    ],
    "W2C": [
      0.9161459072980358,
      0.2181738804092984,
      -0.33626899120824133,
      0.40320847976460317,
      -0.2252391838897229,
      0.9741302743994016,
      0.018371677638117326,
      0.037489252219411254,
      0.33157802487763083,
      0.05890981586880464,
      0.9415867708355682,
      0.11231324193606204,
      0.0,
      0.0,
      0.0,
      1.0
    ],
    "img_size": [
      1372,
      1029
    ]
  },
  "000003.jpg": {
    "K": [
      1147.6124010708231,
      0.0,
      686.0,
      0.0,
      0.0,
      1147.6124010708231,
      514.5,
      0.0,
      0.0,
      0.0,
      1.0,
      0.0,
      0.0,
      0.0,
      0.0,
      1.0
    ],
    "W2C": [
      0.969724342364903,
      0.13064625070029676,
      -0.20631591553467638,
      0.19606247721800624,
      -0.13240097551936097,
      0.9911818527422936,
      0.00534008201022773,
      0.06509514391487936,
      0.20519425310295142,
      0.02213802096641849,
      0.9784708613552131,
      0.05514535603791967,
      0.0,
      0.0,
      0.0,
      1.0
    ],
    "img_size": [
      1372,
      1029
    ]
  },
  "000004.jpg": {
    "K": [
      1147.6124010708231,
      0.0,
      686.0,
      0.0,
      0.0,
      1147.6124010708231,
      514.5,
      0.0,
      0.0,
      0.0,
      1.0,
      0.0,
      0.0,
      0.0,
      0.0,
      1.0
    ],
    "W2C": [
      0.9999998793134722,
      -0.00024570969290332244,
      0.0004254406985665679,
      -0.005985216800119179,
      0.00024179382926277208,
      0.9999578339678916,
      0.009179968517743149,
      0.031951596505308745,
      -0.00042767836666576873,
      -0.009179864540908992,
      0.9999577726975403,
      0.06276398903162501,
      0.0,
      0.0,
      0.0,
      1.0
    ],
    "img_size": [
      1372,
      1029
    ]
  },
  "000005.jpg": {
    "K": [
      1147.6124010708231,
      0.0,
      686.0,
      0.0,
      0.0,
      1147.6124010708231,
      514.5,
      0.0,
      0.0,
      0.0,
      1.0,
      0.0,
      0.0,
      0.0,
      0.0,
      1.0
    ],
    "W2C": [
      0.9880186601046067,
      -0.11586719465390509,
      0.1019505786552065,
      -0.12404622382650296,
      0.11773878856891706,
      0.9929657289560777,
      -0.012515541740137779,
      0.16673225236638115,
      -0.09978328994085744,
      0.024369126405338316,
      0.9947107321864076,
      0.11596554404172545,
      0.0,
      0.0,
      0.0,
      1.0
    ],
    "img_size": [
      1372,
      1029
    ]
  },
  "000006.jpg": {
    "K": [
      1147.6124010708231,
      0.0,
      686.0,
      0.0,
      0.0,
      1147.6124010708231,
      514.5,
      0.0,
      0.0,
      0.0,
      1.0,
      0.0,
      0.0,
      0.0,
      0.0,
      1.0
    ],
    "W2C": [
      0.8898467570378891,
      -0.2741441079369124,
      0.3647159950874476,
      -0.3152644811224568,
      0.2616448471855009,
      0.9614726315294293,
      0.08433476602890479,
      0.021478842633989213,
      -0.3737843267586649,
      0.02038104274439307,
      0.9272916963751069,
      0.1983828221080034,
      0.0,
      0.0,
      0.0,
      1.0
    ],
    "img_size": [
      1372,
      1029
    ]
  },
  "000007.jpg": {
    "K": [
      1147.6124010708231,
      0.0,
      686.0,
      0.0,
      0.0,
      1147.6124010708231,
      514.5,
      0.0,
      0.0,
      0.0,
      1.0,
      0.0,
      0.0,
      0.0,
      0.0,
      1.0
    ],
    "W2C": [
      0.6782162301575022,
      -0.3827617466114617,
      0.6273086883519862,
      -0.33277960744728846,
      0.36808831324122215,
      0.9157779209256783,
      0.16081602283439964,
      -0.004071480700988969,
      -0.6360296681807996,
      0.12183696022137673,
      0.7619855748751657,
      0.4276521941224924,
      0.0,
      0.0,
      0.0,
      1.0
    ],
    "img_size": [
      1372,
      1029
    ]
  },
  "000008.jpg": {
    "K": [
      1147.6124010708231,
      0.0,
      686.0,
      0.0,
      0.0,
      1147.6124010708231,
      514.5,
      0.0,
      0.0,
      0.0,
      1.0,
      0.0,
      0.0,
      0.0,
      0.0,
      1.0
    ],
    "W2C": [
      0.5888333001848419,
      -0.42739299963163263,
      0.6860106183283922,
      -0.3848095117272534,
      0.43243429135433376,
      0.8836489087143105,
      0.17934656335955715,
      -0.06540910840104862,
      -0.6828439999401787,
      0.19104928681856875,
      0.7051412920484897,
      0.43270857293463505,
      0.0,
      0.0,
      0.0,
      1.0
    ],
    "img_size": [
      1372,
      1029
    ]
  },
  "000012.jpg": {
    "K": [
      1147.6124010708231,
      0.0,
      686.0,
      0.0,
      0.0,
      1147.6124010708231,
      514.5,
      0.0,
      0.0,
      0.0,
      1.0,
      0.0,
      0.0,
      0.0,
      0.0,
      1.0
    ],
    "W2C": [
      0.7302321573349436,
      -0.38173573876863526,
      0.5666028786908153,
      -0.454796758657696,
      0.3301883827354755,
      0.9232417642535273,
      0.1964695310845065,
      -0.15015819606859668,
      -0.5981108829477069,
      0.043617318633761205,
      0.8002255314689201,
      0.4506815915561535,
      0.0,
      0.0,
      0.0,
      1.0
    ],
    "img_size": [
      1372,
      1029
    ]
  },
  "000013.jpg": {
    "K": [
      1147.6124010708231,
      0.0,
      686.0,
      0.0,
      0.0,
      1147.6124010708231,
      514.5,
      0.0,
      0.0,
      0.0,
      1.0,
      0.0,
      0.0,
      0.0,
      0.0,
      1.0
    ],
    "W2C": [
      0.9202496540478012,
      -0.2539017453720165,
      0.2977826017784548,
      -0.2802345470658343,
      0.2054571731770834,
      0.9611083996594321,
      0.18454808071114562,
      -0.1448114600317258,
      -0.3330584396393283,
      -0.10864873584689906,
      0.9366256071578904,
      0.28273381589370294,
      0.0,
      0.0,
      0.0,
      1.0
    ],
    "img_size": [
      1372,
      1029
    ]
  },
  "000014.jpg": {
    "K": [
      1147.6124010708231,
      0.0,
      686.0,
      0.0,
      0.0,
      1147.6124010708231,
      514.5,
      0.0,
      0.0,
      0.0,
      1.0,
      0.0,
      0.0,
      0.0,
      0.0,
      1.0
    ],
    "W2C": [
      0.9895564683317338,
      -0.10463339953210914,
      0.09914558832938827,
      -0.09854741278441755,
      0.08425368259569213,
      0.9779388930590618,
      0.19114611796079267,
      -0.15851238704076684,
      -0.11695859503213468,
      -0.1807964964947355,
      0.9765415064928569,
      0.18866678797360448,
      0.0,
      0.0,
      0.0,
      1.0
    ],
    "img_size": [
      1372,
      1029
    ]
  },
  "000015.jpg": {
    "K": [
      1147.6124010708231,
      0.0,
      686.0,
      0.0,
      0.0,
      1147.6124010708231,
      514.5,
      0.0,
      0.0,
      0.0,
      1.0,
      0.0,
      0.0,
      0.0,
      0.0,
      1.0
    ],